form	wsafter	anas	lemma	xpostag
# newdoc id = http://108.hu/ajurveda-a-hosszu-es-boldog-elet-titka
# newpar id = p1
# text = Ájurvéda – A hosszú és boldog élet titka
Ájurvéda	" "	[{"lemma": "Ájurvéda", "tag": "[/N][Nom]", "morphana": "Ájurvéda[/N]=Ájurvéda+[Nom]=", "readable": "Ájurvéda[/N] + [Nom]", "twolevel": "Á:Á j:j u:u r:r v:v é:é d:d a:a :[/N] :[Nom]"}]	Ájurvéda	[/N][Nom]
–	" "	[{"lemma": "", "tag": "[Hyph:Dash]", "morphana": "–[Hyph:Dash]=–", "readable": "–[Hyph:Dash]", "twolevel": "–:– :[Hyph:Dash]"}]	–	[Hyph:Dash]
A	" "	[{"lemma": "A", "tag": "[/N][Nom]", "morphana": "A[/N|Unit|Abbr]=A+[Nom]=", "readable": "A[/N|Unit|Abbr] + [Nom]", "twolevel": "A:A :[/N|Unit|Abbr] :[Nom]"}, {"lemma": "a", "tag": "[/Det|Art.Def]", "morphana": "a[/Det|Art.Def]=a", "readable": "a[/Det|Art.Def]", "twolevel": "a:a :[/Det|Art.Def]"}, {"lemma": "a", "tag": "[/Det|Pro|(Post)]", "morphana": "a[/Det|Pro|(Post)]=a", "readable": "a[/Det|Pro|(Post)]", "twolevel": "a:a :[/Det|Pro|(Post)]"}, {"lemma": "a", "tag": "[/N][Nom]", "morphana": "a[/N|Ltr]=a+[Nom]=", "readable": "a[/N|Ltr] + [Nom]", "twolevel": "a:a :[/N|Ltr] :[Nom]"}, {"lemma": "a", "tag": "[/N|Pro|(Post)][Nom]", "morphana": "a[/N|Pro|(Post)]=a+[Nom]=", "readable": "a[/N|Pro|(Post)] + [Nom]", "twolevel": "a:a :[/N|Pro|(Post)] :[Nom]"}]	a	[/Det|Art.Def]
hosszú	" "	[{"lemma": "hosszú", "tag": "[/Adj][Nom]", "morphana": "hossz[/N]=hossz+ú[_Adjz:Ú/Adj]=ú+[Nom]=", "readable": "hossz[/N] + ú[_Adjz:Ú/Adj] + [Nom]", "twolevel": "h:h o:o s:s s:s z:z :[/N] ú:ú :[_Adjz:Ú/Adj] :[Nom]"}, {"lemma": "hosszú", "tag": "[/Adj][Nom]", "morphana": "hosszú[/Adj]=hosszú+[Nom]=", "readable": "hosszú[/Adj] + [Nom]", "twolevel": "h:h o:o s:s s:s z:z ú:ú :[/Adj] :[Nom]"}]	hosszú	[/Adj][Nom]
és	" "	[{"lemma": "és", "tag": "[/Cnj]", "morphana": "és[/Cnj]=és", "readable": "és[/Cnj]", "twolevel": "é:é s:s :[/Cnj]"}]	és	[/Cnj]
boldog	" "	[{"lemma": "boldog", "tag": "[/Adj][Nom]", "morphana": "boldog[/Adj]=boldog+[Nom]=", "readable": "boldog[/Adj] + [Nom]", "twolevel": "b:b o:o l:l d:d o:o g:g :[/Adj] :[Nom]"}, {"lemma": "boldog", "tag": "[/N][Nom]", "morphana": "boldog[/N]=boldog+[Nom]=", "readable": "boldog[/N] + [Nom]", "twolevel": "b:b o:o l:l d:d o:o g:g :[/N] :[Nom]"}]	boldog	[/Adj][Nom]
élet	" "	[{"lemma": "él", "tag": "[/N][Acc]", "morphana": "él[/N]=él+et[Acc]=et", "readable": "él[/N] + et[Acc]", "twolevel": "é:é l:l :[/N] e:e t:t :[Acc]"}, {"lemma": "élet", "tag": "[/N][Nom]", "morphana": "élet[/N]=élet+[Nom]=", "readable": "élet[/N] + [Nom]", "twolevel": "é:é l:l e:e t:t :[/N] :[Nom]"}]	élet	[/N][Nom]
titka	"\n\n"	[{"lemma": "titok", "tag": "[/N][Poss.3Sg][Nom]", "morphana": "titok[/N]=titk+a[Poss.3Sg]=a+[Nom]=", "readable": "titok[/N]=titk + a[Poss.3Sg] + [Nom]", "twolevel": "t:t i:i t:t :o k:k :[/N] a:a :[Poss.3Sg] :[Nom]"}]	titok	[/N][Poss.3Sg][Nom]

# newpar id = p2
# text = Az ájurvéda a holisztikus gyógyászat szellemében a testünket és lelkünket irányító folyamatok harmonizálására törekszik, és tanulmányozói egyénileg is kivitelezhető tanácsokat, gyógymódokat ismerhetnek meg, amelyek által életük teljesebb, boldogabb és harmonikusabb lesz.
Az	" "	[{"lemma": "az", "tag": "[/Det|Art.Def]", "morphana": "az[/Det|Art.Def]=az", "readable": "az[/Det|Art.Def]", "twolevel": "a:a z:z :[/Det|Art.Def]"}, {"lemma": "az", "tag": "[/Det|Pro][Nom]", "morphana": "az[/Det|Pro]=az+[Nom]=", "readable": "az[/Det|Pro] + [Nom]", "twolevel": "a:a z:z :[/Det|Pro] :[Nom]"}, {"lemma": "az", "tag": "[/N|Pro][Nom]", "morphana": "az[/N|Pro]=az+[Nom]=", "readable": "az[/N|Pro] + [Nom]", "twolevel": "a:a z:z :[/N|Pro] :[Nom]"}]	az	[/Det|Art.Def]
ájurvéda	" "	[]	ájurvéda	[/N][Nom]
a	" "	[{"lemma": "a", "tag": "[/Det|Art.Def]", "morphana": "a[/Det|Art.Def]=a", "readable": "a[/Det|Art.Def]", "twolevel": "a:a :[/Det|Art.Def]"}, {"lemma": "a", "tag": "[/Det|Pro|(Post)]", "morphana": "a[/Det|Pro|(Post)]=a", "readable": "a[/Det|Pro|(Post)]", "twolevel": "a:a :[/Det|Pro|(Post)]"}, {"lemma": "a", "tag": "[/N][Nom]", "morphana": "a[/N|Ltr]=a+[Nom]=", "readable": "a[/N|Ltr] + [Nom]", "twolevel": "a:a :[/N|Ltr] :[Nom]"}, {"lemma": "a", "tag": "[/N|Pro|(Post)][Nom]", "morphana": "a[/N|Pro|(Post)]=a+[Nom]=", "readable": "a[/N|Pro|(Post)] + [Nom]", "twolevel": "a:a :[/N|Pro|(Post)] :[Nom]"}]	a	[/Det|Art.Def]
holisztikus	" "	[{"lemma": "holisztikus", "tag": "[/Adj][Nom]", "morphana": "holisztikus[/Adj]=holisztikus+[Nom]=", "readable": "holisztikus[/Adj] + [Nom]", "twolevel": "h:h o:o l:l i:i s:s z:z t:t i:i k:k u:u s:s :[/Adj] :[Nom]"}]	holisztikus	[/Adj][Nom]
gyógyászat	" "	[{"lemma": "gyógyászat", "tag": "[/N][Nom]", "morphana": "gyógyászat[/N]=gyógyászat+[Nom]=", "readable": "gyógyászat[/N] + [Nom]", "twolevel": "g:g y:y ó:ó g:g y:y á:á s:s z:z a:a t:t :[/N] :[Nom]"}]	gyógyászat	[/N][Nom]
szellemében	" "	[{"lemma": "szellem", "tag": "[/N][Poss.3Sg][Ine]", "morphana": "szellem[/N]=szellem+e[Poss.3Sg]=é+ben[Ine]=ben", "readable": "szellem[/N] + e[Poss.3Sg]=é + ben[Ine]", "twolevel": "s:s z:z e:e l:l l:l e:e m:m :[/N] é:e :[Poss.3Sg] b:b e:e n:n :[Ine]"}, {"lemma": "szellem", "tag": "[/N][AnP][Ine]", "morphana": "szellem[/N]=szellem+é[AnP]=é+ben[Ine]=ben", "readable": "szellem[/N] + é[AnP] + ben[Ine]", "twolevel": "s:s z:z e:e l:l l:l e:e m:m :[/N] é:é :[AnP] b:b e:e n:n :[Ine]"}]	szellem	[/N][Poss.3Sg][Ine]
a	" "	[{"lemma": "a", "tag": "[/Det|Art.Def]", "morphana": "a[/Det|Art.Def]=a", "readable": "a[/Det|Art.Def]", "twolevel": "a:a :[/Det|Art.Def]"}, {"lemma": "a", "tag": "[/Det|Pro|(Post)]", "morphana": "a[/Det|Pro|(Post)]=a", "readable": "a[/Det|Pro|(Post)]", "twolevel": "a:a :[/Det|Pro|(Post)]"}, {"lemma": "a", "tag": "[/N][Nom]", "morphana": "a[/N|Ltr]=a+[Nom]=", "readable": "a[/N|Ltr] + [Nom]", "twolevel": "a:a :[/N|Ltr] :[Nom]"}, {"lemma": "a", "tag": "[/N|Pro|(Post)][Nom]", "morphana": "a[/N|Pro|(Post)]=a+[Nom]=", "readable": "a[/N|Pro|(Post)] + [Nom]", "twolevel": "a:a :[/N|Pro|(Post)] :[Nom]"}]	a	[/Det|Art.Def]
testünket	" "	[{"lemma": "test", "tag": "[/N][Poss.1Pl][Acc]", "morphana": "test[/N]=test+ünk[Poss.1Pl]=ünk+et[Acc]=et", "readable": "test[/N] + ünk[Poss.1Pl] + et[Acc]", "twolevel": "t:t e:e s:s t:t :[/N] ü:ü n:n k:k :[Poss.1Pl] e:e t:t :[Acc]"}]	test	[/N][Poss.1Pl][Acc]
és	" "	[{"lemma": "és", "tag": "[/Cnj]", "morphana": "és[/Cnj]=és", "readable": "és[/Cnj]", "twolevel": "é:é s:s :[/Cnj]"}]	és	[/Cnj]
lelkünket	" "	[{"lemma": "lélek", "tag": "[/N][Poss.1Pl][Acc]", "morphana": "lélek[/N]=lelk+ünk[Poss.1Pl]=ünk+et[Acc]=et", "readable": "lélek[/N]=lelk + ünk[Poss.1Pl] + et[Acc]", "twolevel": "l:l e:é l:l :e k:k :[/N] ü:ü n:n k:k :[Poss.1Pl] e:e t:t :[Acc]"}]	lélek	[/N][Poss.1Pl][Acc]
irányító	" "	[{"lemma": "irányító", "tag": "[/Adj][Nom]", "morphana": "irányít[/V]=irányít+ó[_ImpfPtcp/Adj]=ó+[Nom]=", "readable": "irányít[/V] + ó[_ImpfPtcp/Adj] + [Nom]", "twolevel": "i:i r:r á:á n:n y:y í:í t:t :[/V] ó:ó :[_ImpfPtcp/Adj] :[Nom]"}, {"lemma": "irányító", "tag": "[/N][Nom]", "morphana": "irányító[/N]=irányító+[Nom]=", "readable": "irányító[/N] + [Nom]", "twolevel": "i:i r:r á:á n:n y:y í:í t:t ó:ó :[/N] :[Nom]"}]	irányító	[/Adj][Nom]
folyamatok	" "	[{"lemma": "folyamat", "tag": "[/N][Pl][Nom]", "morphana": "folyamat[/N]=folyamat+ok[Pl]=ok+[Nom]=", "readable": "folyamat[/N] + ok[Pl] + [Nom]", "twolevel": "f:f o:o l:l y:y a:a m:m a:a t:t :[/N] o:o k:k :[Pl] :[Nom]"}]	folyamat	[/N][Pl][Nom]
harmonizálására	" "	[{"lemma": "harmonizálás", "tag": "[/N][Poss.3Sg][Subl]", "morphana": "harmonizál[/V]=harmonizál+ás[_Ger/N]=ás+a[Poss.3Sg]=á+ra[Subl]=ra", "readable": "harmonizál[/V] + ás[_Ger/N] + a[Poss.3Sg]=á + ra[Subl]", "twolevel": "h:h a:a r:r m:m o:o n:n i:i z:z á:á l:l :[/V] á:á s:s :[_Ger/N] á:a :[Poss.3Sg] r:r a:a :[Subl]"}, {"lemma": "harmonizálásár", "tag": "[/N][Poss.3Sg][Nom]", "morphana": "harmonizál[/V]=harmonizál+ás[_Ger/N]=ás+ár[/N]=ár+a[Poss.3Sg]=a+[Nom]=", "readable": "harmonizál[/V] + ás[_Ger/N] + ár[/N] + a[Poss.3Sg] + [Nom]", "twolevel": "h:h a:a r:r m:m o:o n:n i:i z:z á:á l:l :[/V] á:á s:s :[_Ger/N] á:á r:r :[/N] a:a :[Poss.3Sg] :[Nom]"}]	harmonizálás	[/N][Poss.3Sg][Subl]
törekszik	""	[{"lemma": "törekszik", "tag": "[/V][Prs.Def.3Pl]", "morphana": "törekszik[/V]=töreksz+ik[Prs.Def.3Pl]=ik", "readable": "törekszik[/V]=töreksz + ik[Prs.Def.3Pl]", "twolevel": "t:t ö:ö r:r e:e k:k s:s z:z :i :k :[/V] i:i k:k :[Prs.Def.3Pl]"}, {"lemma": "törekszik", "tag": "[/V][Prs.NDef.3Sg]", "morphana": "törekszik[/V]=töreksz+ik[Prs.NDef.3Sg]=ik", "readable": "törekszik[/V]=töreksz + ik[Prs.NDef.3Sg]", "twolevel": "t:t ö:ö r:r e:e k:k s:s z:z :i :k :[/V] i:i k:k :[Prs.NDef.3Sg]"}]	törekszik	[/V][Prs.NDef.3Sg]
,	" "	[{"lemma": ",", "tag": "[Punct]", "morphana": "", "readable": "", "twolevel": ""}]	,	[Punct]
és	" "	[{"lemma": "és", "tag": "[/Cnj]", "morphana": "és[/Cnj]=és", "readable": "és[/Cnj]", "twolevel": "é:é s:s :[/Cnj]"}]	és	[/Cnj]
tanulmányozói	" "	[{"lemma": "tanulmányozó", "tag": "[/Adj][Pl.Poss.3Sg][Nom]", "morphana": "tanulmány[/N]=tanulmány+oz[_NVbz_Tr:z/V]=oz+ó[_ImpfPtcp/Adj]=ó+i[Pl.Poss.3Sg]=i+[Nom]=", "readable": "tanulmány[/N] + oz[_NVbz_Tr:z/V] + ó[_ImpfPtcp/Adj] + i[Pl.Poss.3Sg] + [Nom]", "twolevel": "t:t a:a n:n u:u l:l m:m á:á n:n y:y :[/N] o:o z:z :[_NVbz_Tr:z/V] ó:ó :[_ImpfPtcp/Adj] i:i :[Pl.Poss.3Sg] :[Nom]"}, {"lemma": "tanulmányozói", "tag": "[/Adj][Nom]", "morphana": "tanulmány[/N]=tanulmány+oz[_NVbz_Tr:z/V]=oz+ó[_ImpfPtcp/Adj]=ó+i[_Adjz:i/Adj]=i+[Nom]=", "readable": "tanulmány[/N] + oz[_NVbz_Tr:z/V] + ó[_ImpfPtcp/Adj] + i[_Adjz:i/Adj] + [Nom]", "twolevel": "t:t a:a n:n u:u l:l m:m á:á n:n y:y :[/N] o:o z:z :[_NVbz_Tr:z/V] ó:ó :[_ImpfPtcp/Adj] i:i :[_Adjz:i/Adj] :[Nom]"}, {"lemma": "tanulmányozó", "tag": "[/Adj][Pl.Poss.3Sg][Nom]", "morphana": "tanulmányoz[/V]=tanulmányoz+ó[_ImpfPtcp/Adj]=ó+i[Pl.Poss.3Sg]=i+[Nom]=", "readable": "tanulmányoz[/V] + ó[_ImpfPtcp/Adj] + i[Pl.Poss.3Sg] + [Nom]", "twolevel": "t:t a:a n:n u:u l:l m:m á:á n:n y:y o:o z:z :[/V] ó:ó :[_ImpfPtcp/Adj] i:i :[Pl.Poss.3Sg] :[Nom]"}, {"lemma": "tanulmányozói", "tag": "[/Adj][Nom]", "morphana": "tanulmányoz[/V]=tanulmányoz+ó[_ImpfPtcp/Adj]=ó+i[_Adjz:i/Adj]=i+[Nom]=", "readable": "tanulmányoz[/V] + ó[_ImpfPtcp/Adj] + i[_Adjz:i/Adj] + [Nom]", "twolevel": "t:t a:a n:n u:u l:l m:m á:á n:n y:y o:o z:z :[/V] ó:ó :[_ImpfPtcp/Adj] i:i :[_Adjz:i/Adj] :[Nom]"}]	tanulmányozó	[/Adj][Pl.Poss.3Sg][Nom]
egyénileg	" "	[{"lemma": "egyénileg", "tag": "[/Adv]", "morphana": "egyén[/N]=egyén+ileg[_NAdvz:ilAg/Adv]=ileg", "readable": "egyén[/N] + ileg[_NAdvz:ilAg/Adv]", "twolevel": "e:e g:g y:y é:é n:n :[/N] i:i l:l e:e g:g :[_NAdvz:ilAg/Adv]"}, {"lemma": "egyénileg", "tag": "[/Adv]", "morphana": "egyénileg[/Adv]=egyénileg", "readable": "egyénileg[/Adv]", "twolevel": "e:e g:g y:y é:é n:n i:i l:l e:e g:g :[/Adv]"}]	egyénileg	[/Adv]
is	" "	[{"lemma": "is", "tag": "[/Adv]", "morphana": "is[/Adv]=is", "readable": "is[/Adv]", "twolevel": "i:i s:s :[/Adv]"}]	is	[/Adv]
kivitelezhető	" "	[{"lemma": "kivitelezhető", "tag": "[/Adj][Nom]", "morphana": "ki[/Prev]=ki+vitel[/N]=vitel+ez[_NVbz_Tr:z/V]=ez+hető[_ModPtcp/Adj]=hető+[Nom]=", "readable": "ki[/Prev] + vitel[/N] + ez[_NVbz_Tr:z/V] + hető[_ModPtcp/Adj] + [Nom]", "twolevel": "k:k i:i :[/Prev] v:v i:i t:t e:e l:l :[/N] e:e z:z :[_NVbz_Tr:z/V] h:h e:e t:t ő:ő :[_ModPtcp/Adj] :[Nom]"}, {"lemma": "kivitelezhető", "tag": "[/Adj][Nom]", "morphana": "kivi[/N]=kivi+tél[/N]=tel+ez[_NVbz_Tr:z/V]=ez+hető[_ModPtcp/Adj]=hető+[Nom]=", "readable": "kivi[/N] + tél[/N]=tel + ez[_NVbz_Tr:z/V] + hető[_ModPtcp/Adj] + [Nom]", "twolevel": "k:k i:i v:v i:i :[/N] t:t e:é l:l :[/N] e:e z:z :[_NVbz_Tr:z/V] h:h e:e t:t ő:ő :[_ModPtcp/Adj] :[Nom]"}, {"lemma": "kivitelezhető", "tag": "[/Adj][Nom]", "morphana": "kivitel[/N]=kivitel+ez[_NVbz_Tr:z/V]=ez+hető[_ModPtcp/Adj]=hető+[Nom]=", "readable": "kivitel[/N] + ez[_NVbz_Tr:z/V] + hető[_ModPtcp/Adj] + [Nom]", "twolevel": "k:k i:i v:v i:i t:t e:e l:l :[/N] e:e z:z :[_NVbz_Tr:z/V] h:h e:e t:t ő:ő :[_ModPtcp/Adj] :[Nom]"}, {"lemma": "kivitelezhető", "tag": "[/Adj][Nom]", "morphana": "kivitelez[/V]=kivitelez+hető[_ModPtcp/Adj]=hető+[Nom]=", "readable": "kivitelez[/V] + hető[_ModPtcp/Adj] + [Nom]", "twolevel": "k:k i:i v:v i:i t:t e:e l:l e:e z:z :[/V] h:h e:e t:t ő:ő :[_ModPtcp/Adj] :[Nom]"}]	kivitelezhető	[/Adj][Nom]
tanácsokat	""	[{"lemma": "tanács", "tag": "[/N][Pl][Acc]", "morphana": "tan[/N]=tan+ács[/N]=ács+ok[Pl]=ok+at[Acc]=at", "readable": "tan[/N] + ács[/N] + ok[Pl] + at[Acc]", "twolevel": "t:t a:a n:n :[/N] á:á c:c s:s :[/N] o:o k:k :[Pl] a:a t:t :[Acc]"}, {"lemma": "tanács", "tag": "[/N][Pl][Acc]", "morphana": "tanács[/N]=tanács+ok[Pl]=ok+at[Acc]=at", "readable": "tanács[/N] + ok[Pl] + at[Acc]", "twolevel": "t:t a:a n:n á:á c:c s:s :[/N] o:o k:k :[Pl] a:a t:t :[Acc]"}]	tanács	[/N][Pl][Acc]
,	" "	[{"lemma": ",", "tag": "[Punct]", "morphana": "", "readable": "", "twolevel": ""}]	,	[Punct]
gyógymódokat	" "	[{"lemma": "gyógymód", "tag": "[/N][Pl][Acc]", "morphana": "gyógy[/Adj]=gyógy+mód[/N]=mód+ok[Pl]=ok+at[Acc]=at", "readable": "gyógy[/Adj] + mód[/N] + ok[Pl] + at[Acc]", "twolevel": "g:g y:y ó:ó g:g y:y :[/Adj] m:m ó:ó d:d :[/N] o:o k:k :[Pl] a:a t:t :[Acc]"}, {"lemma": "gyógymód", "tag": "[/N][Pl][Acc]", "morphana": "gyógymód[/N]=gyógymód+ok[Pl]=ok+at[Acc]=at", "readable": "gyógymód[/N] + ok[Pl] + at[Acc]", "twolevel": "g:g y:y ó:ó g:g y:y m:m ó:ó d:d :[/N] o:o k:k :[Pl] a:a t:t :[Acc]"}]	gyógymód	[/N][Pl][Acc]
ismerhetnek	" "	[{"lemma": "ismer", "tag": "[/V][_Mod/V][Prs.NDef.3Pl]", "morphana": "ismer[/V]=ismer+het[_Mod/V]=het+nek[Prs.NDef.3Pl]=nek", "readable": "ismer[/V] + het[_Mod/V] + nek[Prs.NDef.3Pl]", "twolevel": "i:i s:s m:m e:e r:r :[/V] h:h e:e t:t :[_Mod/V] n:n e:e k:k :[ :P :r :s :. :N :D :e :f :. :3 :P :l :]"}]	ismer	[/V][_Mod/V][Prs.NDef.3Pl]
meg	""	[{"lemma": "meg", "tag": "[/Cnj]", "morphana": "meg[/Cnj]=meg", "readable": "meg[/Cnj]", "twolevel": "m:m e:e g:g :[/Cnj]"}, {"lemma": "meg", "tag": "[/Prev]", "morphana": "meg[/Prev]=meg", "readable": "meg[/Prev]", "twolevel": "m:m e:e g:g :[/Prev]"}]	meg	[/Prev]
,	" "	[{"lemma": ",", "tag": "[Punct]", "morphana": "", "readable": "", "twolevel": ""}]	,	[Punct]
amelyek	" "	[{"lemma": "amely", "tag": "[/N|Pro|Rel][Pl][Nom]", "morphana": "amely[/N|Pro|Rel]=amely+ek[Pl]=ek+[Nom]=", "readable": "amely[/N|Pro|Rel] + ek[Pl] + [Nom]", "twolevel": "a:a m:m e:e l:l y:y :[/N|Pro|Rel] e:e k:k :[Pl] :[Nom]"}]	amely	[/N|Pro|Rel][Pl][Nom]
által	" "	[{"lemma": "által", "tag": "[/Post]", "morphana": "által[/Post]=által", "readable": "által[/Post]", "twolevel": "á:á l:l t:t a:a l:l :[/Post]"}, {"lemma": "által", "tag": "[/Prev]", "morphana": "által[/Prev]=által", "readable": "által[/Prev]", "twolevel": "á:á l:l t:t a:a l:l :[/Prev]"}]	által	[/Post]
életük	" "	[{"lemma": "élet", "tag": "[/N][Poss.3Pl][Nom]", "morphana": "élet[/N]=élet+ük[Poss.3Pl]=ük+[Nom]=", "readable": "élet[/N] + ük[Poss.3Pl] + [Nom]", "twolevel": "é:é l:l e:e t:t :[/N] ü:ü k:k :[Poss.3Pl] :[Nom]"}]	élet	[/N][Poss.3Pl][Nom]
teljesebb	""	[{"lemma": "teljes", "tag": "[/Adj][_Comp/Adj][Nom]", "morphana": "teljes[/Adj]=teljes+ebb[_Comp/Adj]=ebb+[Nom]=", "readable": "teljes[/Adj] + ebb[_Comp/Adj] + [Nom]", "twolevel": "t:t e:e l:l j:j e:e s:s :[/Adj] e:e b:b b:b :[_Comp/Adj] :[Nom]"}]	teljes	[/Adj][_Comp/Adj][Nom]
,	" "	[{"lemma": ",", "tag": "[Punct]", "morphana": "", "readable": "", "twolevel": ""}]	,	[Punct]
boldogabb	" "	[{"lemma": "boldog", "tag": "[/Adj][_Comp/Adj][Nom]", "morphana": "boldog[/Adj]=boldog+abb[_Comp/Adj]=abb+[Nom]=", "readable": "boldog[/Adj] + abb[_Comp/Adj] + [Nom]", "twolevel": "b:b o:o l:l d:d o:o g:g :[/Adj] a:a b:b b:b :[_Comp/Adj] :[Nom]"}]	boldog	[/Adj][_Comp/Adj][Nom]
és	" "	[{"lemma": "és", "tag": "[/Cnj]", "morphana": "és[/Cnj]=és", "readable": "és[/Cnj]", "twolevel": "é:é s:s :[/Cnj]"}]	és	[/Cnj]
harmonikusabb	" "	[{"lemma": "harmonikus", "tag": "[/Adj][_Comp/Adj][Nom]", "morphana": "harmonikus[/Adj]=harmonikus+abb[_Comp/Adj]=abb+[Nom]=", "readable": "harmonikus[/Adj] + abb[_Comp/Adj] + [Nom]", "twolevel": "h:h a:a r:r m:m o:o n:n i:i k:k u:u s:s :[/Adj] a:a b:b b:b :[_Comp/Adj] :[Nom]"}]	harmonikus	[/Adj][_Comp/Adj][Nom]
lesz	""	[{"lemma": "lesz", "tag": "[/V][Prs.NDef.3Sg]", "morphana": "lesz[/V]=lesz+[Prs.NDef.3Sg]=", "readable": "lesz[/V] + [Prs.NDef.3Sg]", "twolevel": "l:l e:e s:s z:z :[/V] :[Prs.NDef.3Sg]"}]	lesz	[/V][Prs.NDef.3Sg]
.	"\n"	[{"lemma": ".", "tag": "[Punct]", "morphana": "", "readable": "", "twolevel": ""}]	.	[Punct]

# text = Bár időben és kulturálisan távolinak tűnhet ez a gyógyító hagyomány, az ájurvéda ősi könyvei időtlen igazságokat és összefüggéseket mondanak ki, amelyek által mindenki megtalálhatja a belső harmónia és egészség felé vezető utat, saját egyéniségének és életvitelének megfelelően.
Bár	" "	[{"lemma": "Bár", "tag": "[/N][Nom]", "morphana": "Bár[/N]=Bár+[Nom]=", "readable": "Bár[/N] + [Nom]", "twolevel": "B:B á:á r:r :[/N] :[Nom]"}, {"lemma": "bár", "tag": "[/Cnj]", "morphana": "bár[/Cnj]=bár", "readable": "bár[/Cnj]", "twolevel": "b:b á:á r:r :[/Cnj]"}, {"lemma": "bár", "tag": "[/N][Nom]", "morphana": "bár[/N]=bár+[Nom]=", "readable": "bár[/N] + [Nom]", "twolevel": "b:b á:á r:r :[/N] :[Nom]"}]	bár	[/Cnj]
időben	" "	[{"lemma": "idő", "tag": "[/N][Ine]", "morphana": "idő[/N]=idő+ben[Ine]=ben", "readable": "idő[/N] + ben[Ine]", "twolevel": "i:i d:d ő:ő :[/N] b:b e:e n:n :[Ine]"}, {"lemma": "időben", "tag": "[/Adv]", "morphana": "időben[/Adv]=időben", "readable": "időben[/Adv]", "twolevel": "i:i d:d ő:ő b:b e:e n:n :[/Adv]"}]	idő	[/N][Ine]
és	" "	[{"lemma": "és", "tag": "[/Cnj]", "morphana": "és[/Cnj]=és", "readable": "és[/Cnj]", "twolevel": "é:é s:s :[/Cnj]"}]	és	[/Cnj]
kulturálisan	" "	[{"lemma": "kulturális", "tag": "[/Adj][_Manner/Adv]", "morphana": "kulturális[/Adj]=kulturális+an[_Manner/Adv]=an", "readable": "kulturális[/Adj] + an[_Manner/Adv]", "twolevel": "k:k u:u l:l t:t u:u r:r á:á l:l i:i s:s :[/Adj] a:a n:n :[_Manner/Adv]"}]	kulturális	[/Adj][_Manner/Adv]
távolinak	" "	[{"lemma": "távoli", "tag": "[/Adj][Dat]", "morphana": "távol[/Adv]=távol+i[_Adjz:i/Adj]=i+nak[Dat]=nak", "readable": "távol[/Adv] + i[_Adjz:i/Adj] + nak[Dat]", "twolevel": "t:t á:á v:v o:o l:l :[/Adv] i:i :[_Adjz:i/Adj] n:n a:a k:k :[Dat]"}, {"lemma": "távoli", "tag": "[/Adj][Dat]", "morphana": "távol[/N]=távol+i[_Adjz:i/Adj]=i+nak[Dat]=nak", "readable": "távol[/N] + i[_Adjz:i/Adj] + nak[Dat]", "twolevel": "t:t á:á v:v o:o l:l :[/N] i:i :[_Adjz:i/Adj] n:n a:a k:k :[Dat]"}, {"lemma": "távoli", "tag": "[/Adj][Dat]", "morphana": "távol[/Post|(Abl)]=távol+i[_Adjz:i/Adj]=i+nak[Dat]=nak", "readable": "távol[/Post|(Abl)] + i[_Adjz:i/Adj] + nak[Dat]", "twolevel": "t:t á:á v:v o:o l:l :[/Post|(Abl)] i:i :[_Adjz:i/Adj] n:n a:a k:k :[Dat]"}, {"lemma": "távoli", "tag": "[/Adj][Dat]", "morphana": "távoli[/Adj]=távoli+nak[Dat]=nak", "readable": "távoli[/Adj] + nak[Dat]", "twolevel": "t:t á:á v:v o:o l:l i:i :[/Adj] n:n a:a k:k :[Dat]"}]	távoli	[/Adj][Dat]
tűnhet	" "	[{"lemma": "tűnik", "tag": "[/V][_Mod/V][Prs.NDef.3Sg]", "morphana": "tűnik[/V]=tűn+het[_Mod/V]=het+[Prs.NDef.3Sg]=", "readable": "tűnik[/V]=tűn + het[_Mod/V] + [Prs.NDef.3Sg]", "twolevel": "t:t ű:ű n:n :i :k :[/V] h:h e:e t:t :[_Mod/V] :[Prs.NDef.3Sg]"}]	tűnik	[/V][_Mod/V][Prs.NDef.3Sg]
ez	" "	[{"lemma": "ez", "tag": "[/Det|Pro][Nom]", "morphana": "ez[/Det|Pro]=ez+[Nom]=", "readable": "ez[/Det|Pro] + [Nom]", "twolevel": "e:e z:z :[/Det|Pro] :[Nom]"}, {"lemma": "ez", "tag": "[/N|Pro][Nom]", "morphana": "ez[/N|Pro]=ez+[Nom]=", "readable": "ez[/N|Pro] + [Nom]", "twolevel": "e:e z:z :[/N|Pro] :[Nom]"}]	ez	[/Det|Pro][Nom]
a	" "	[{"lemma": "a", "tag": "[/Det|Art.Def]", "morphana": "a[/Det|Art.Def]=a", "readable": "a[/Det|Art.Def]", "twolevel": "a:a :[/Det|Art.Def]"}, {"lemma": "a", "tag": "[/Det|Pro|(Post)]", "morphana": "a[/Det|Pro|(Post)]=a", "readable": "a[/Det|Pro|(Post)]", "twolevel": "a:a :[/Det|Pro|(Post)]"}, {"lemma": "a", "tag": "[/N][Nom]", "morphana": "a[/N|Ltr]=a+[Nom]=", "readable": "a[/N|Ltr] + [Nom]", "twolevel": "a:a :[/N|Ltr] :[Nom]"}, {"lemma": "a", "tag": "[/N|Pro|(Post)][Nom]", "morphana": "a[/N|Pro|(Post)]=a+[Nom]=", "readable": "a[/N|Pro|(Post)] + [Nom]", "twolevel": "a:a :[/N|Pro|(Post)] :[Nom]"}]	a	[/Det|Art.Def]
gyógyító	" "	[{"lemma": "gyógyító", "tag": "[/Adj][Nom]", "morphana": "gyógyít[/V]=gyógyít+ó[_ImpfPtcp/Adj]=ó+[Nom]=", "readable": "gyógyít[/V] + ó[_ImpfPtcp/Adj] + [Nom]", "twolevel": "g:g y:y ó:ó g:g y:y í:í t:t :[/V] ó:ó :[_ImpfPtcp/Adj] :[Nom]"}]	gyógyító	[/Adj][Nom]
hagyomány	""	[{"lemma": "hagyomány", "tag": "[/N][Nom]", "morphana": "hagyomány[/N]=hagyomány+[Nom]=", "readable": "hagyomány[/N] + [Nom]", "twolevel": "h:h a:a g:g y:y o:o m:m á:á n:n y:y :[/N] :[Nom]"}]	hagyomány	[/N][Nom]
,	" "	[{"lemma": ",", "tag": "[Punct]", "morphana": "", "readable": "", "twolevel": ""}]	,	[Punct]
az	" "	[{"lemma": "az", "tag": "[/Det|Art.Def]", "morphana": "az[/Det|Art.Def]=az", "readable": "az[/Det|Art.Def]", "twolevel": "a:a z:z :[/Det|Art.Def]"}, {"lemma": "az", "tag": "[/Det|Pro][Nom]", "morphana": "az[/Det|Pro]=az+[Nom]=", "readable": "az[/Det|Pro] + [Nom]", "twolevel": "a:a z:z :[/Det|Pro] :[Nom]"}, {"lemma": "az", "tag": "[/N|Pro][Nom]", "morphana": "az[/N|Pro]=az+[Nom]=", "readable": "az[/N|Pro] + [Nom]", "twolevel": "a:a z:z :[/N|Pro] :[Nom]"}]	az	[/Det|Art.Def]
ájurvéda	" "	[]	ájurvéda	[/N][Nom]
ősi	" "	[{"lemma": "ősi", "tag": "[/Adj][Nom]", "morphana": "Ősi[/N]=ősi+[_Adjz:i/Adj]=+[Nom]=", "readable": "Ősi[/N]=ősi + [_Adjz:i/Adj] + [Nom]", "twolevel": "ő:Ő s:s i:i :[/N] :[_Adjz:i/Adj] :[Nom]"}, {"lemma": "ősi", "tag": "[/Adj][Nom]", "morphana": "ős[/N]=ős+i[_Adjz:i/Adj]=i+[Nom]=", "readable": "ős[/N] + i[_Adjz:i/Adj] + [Nom]", "twolevel": "ő:ő s:s :[/N] i:i :[_Adjz:i/Adj] :[Nom]"}, {"lemma": "ősi", "tag": "[/Adj][Nom]", "morphana": "ősi[/Adj]=ősi+[Nom]=", "readable": "ősi[/Adj] + [Nom]", "twolevel": "ő:ő s:s i:i :[/Adj] :[Nom]"}]	ősi	[/Adj][Nom]
könyvei	" "	[{"lemma": "könyv", "tag": "[/N][Pl.Poss.3Sg][Nom]", "morphana": "könyv[/N]=könyv+ei[Pl.Poss.3Sg]=ei+[Nom]=", "readable": "könyv[/N] + ei[Pl.Poss.3Sg] + [Nom]", "twolevel": "k:k ö:ö n:n y:y v:v :[/N] e:e i:i :[Pl.Poss.3Sg] :[Nom]"}]	könyv	[/N][Pl.Poss.3Sg][Nom]
időtlen	" "	[{"lemma": "időtlen", "tag": "[/Adj][Nom]", "morphana": "idő[/N]=idő+tlen[_Abe/Adj]=tlen+[Nom]=", "readable": "idő[/N] + tlen[_Abe/Adj] + [Nom]", "twolevel": "i:i d:d ő:ő :[/N] t:t l:l e:e n:n :[_Abe/Adj] :[Nom]"}, {"lemma": "időtlen", "tag": "[/Adj][_Manner:0/Adv]", "morphana": "idő[/N]=idő+tlen[_Abe/Adj]=tlen+[_Manner:0/Adv]=", "readable": "idő[/N] + tlen[_Abe/Adj] + [_Manner:0/Adv]", "twolevel": "i:i d:d ő:ő :[/N] t:t l:l e:e n:n :[_Abe/Adj] :[_Manner:0/Adv]"}, {"lemma": "időtlen", "tag": "[/Adj][Nom]", "morphana": "időtlen[/Adj]=időtlen+[Nom]=", "readable": "időtlen[/Adj] + [Nom]", "twolevel": "i:i d:d ő:ő t:t l:l e:e n:n :[/Adj] :[Nom]"}, {"lemma": "időtlen", "tag": "[/Adj][_Manner:0/Adv]", "morphana": "időtlen[/Adj]=időtlen+[_Manner:0/Adv]=", "readable": "időtlen[/Adj] + [_Manner:0/Adv]", "twolevel": "i:i d:d ő:ő t:t l:l e:e n:n :[/Adj] :[_Manner:0/Adv]"}]	időtlen	[/Adj][Nom]
igazságokat	" "	[{"lemma": "igazság", "tag": "[/N][Pl][Acc]", "morphana": "Igaz[/N]=igaz+ság[_Nz_Abstr/N]=ság+ok[Pl]=ok+at[Acc]=at", "readable": "Igaz[/N]=igaz + ság[_Nz_Abstr/N] + ok[Pl] + at[Acc]", "twolevel": "i:I g:g a:a z:z :[/N] s:s á:á g:g :[_Nz_Abstr/N] o:o k:k :[Pl] a:a t:t :[Acc]"}, {"lemma": "igazság", "tag": "[/N][Pl][Acc]", "morphana": "igaz[/Adj]=igaz+ság[_Nz_Abstr/N]=ság+ok[Pl]=ok+at[Acc]=at", "readable": "igaz[/Adj] + ság[_Nz_Abstr/N] + ok[Pl] + at[Acc]", "twolevel": "i:i g:g a:a z:z :[/Adj] s:s á:á g:g :[_Nz_Abstr/N] o:o k:k :[Pl] a:a t:t :[Acc]"}, {"lemma": "igazság", "tag": "[/N][Pl][Acc]", "morphana": "igazság[/N]=igazság+ok[Pl]=ok+at[Acc]=at", "readable": "igazság[/N] + ok[Pl] + at[Acc]", "twolevel": "i:i g:g a:a z:z s:s á:á g:g :[/N] o:o k:k :[Pl] a:a t:t :[Acc]"}]	igazság	[/N][Pl][Acc]
és	" "	[{"lemma": "és", "tag": "[/Cnj]", "morphana": "és[/Cnj]=és", "readable": "és[/Cnj]", "twolevel": "é:é s:s :[/Cnj]"}]	és	[/Cnj]
összefüggéseket	" "	[{"lemma": "összefüggés", "tag": "[/N][Pl][Acc]", "morphana": "össze[/Prev]=össze+függ[/V]=függ+és[_Ger/N]=és+ek[Pl]=ek+et[Acc]=et", "readable": "össze[/Prev] + függ[/V] + és[_Ger/N] + ek[Pl] + et[Acc]", "twolevel": "ö:ö s:s s:s z:z e:e :[/Prev] f:f ü:ü g:g g:g :[/V] é:é s:s :[_Ger/N] e:e k:k :[Pl] e:e t:t :[Acc]"}, {"lemma": "összefüggés", "tag": "[/N][Pl][Acc]", "morphana": "összefüggés[/N]=összefüggés+ek[Pl]=ek+et[Acc]=et", "readable": "összefüggés[/N] + ek[Pl] + et[Acc]", "twolevel": "ö:ö s:s s:s z:z e:e f:f ü:ü g:g g:g é:é s:s :[/N] e:e k:k :[Pl] e:e t:t :[Acc]"}]	összefüggés	[/N][Pl][Acc]
mondanak	" "	[{"lemma": "mond", "tag": "[/V][Prs.NDef.3Pl]", "morphana": "mond[/V]=mond+anak[Prs.NDef.3Pl]=anak", "readable": "mond[/V] + anak[Prs.NDef.3Pl]", "twolevel": "m:m o:o n:n d:d :[/V] a:a n:n a:a k:k :[ :P :r :s :. :N :D :e :f :. :3 :P :l :]"}]	mond	[/V][Prs.NDef.3Pl]
ki	""	[{"lemma": "aki", "tag": "[/N|Pro|Rel][Nom]", "morphana": "aki[/N|Pro|Rel]=ki+[Nom]=", "readable": "aki[/N|Pro|Rel]=ki + [Nom]", "twolevel": "k:a i:k :i :[/N|Pro|Rel] :[Nom]"}, {"lemma": "ki", "tag": "[/N|Pro][Nom]", "morphana": "ki[/N|Pro]=ki+[Nom]=", "readable": "ki[/N|Pro] + [Nom]", "twolevel": "k:k i:i :[/N|Pro] :[Nom]"}, {"lemma": "ki", "tag": "[/N|Pro|Int][Nom]", "morphana": "ki[/N|Pro|Int]=ki+[Nom]=", "readable": "ki[/N|Pro|Int] + [Nom]", "twolevel": "k:k i:i :[/N|Pro|Int] :[Nom]"}, {"lemma": "ki", "tag": "[/Prev]", "morphana": "ki[/Prev]=ki", "readable": "ki[/Prev]", "twolevel": "k:k i:i :[/Prev]"}]	ki	[/Prev]
,	" "	[{"lemma": ",", "tag": "[Punct]", "morphana": "", "readable": "", "twolevel": ""}]	,	[Punct]
amelyek	" "	[{"lemma": "amely", "tag": "[/N|Pro|Rel][Pl][Nom]", "morphana": "amely[/N|Pro|Rel]=amely+ek[Pl]=ek+[Nom]=", "readable": "amely[/N|Pro|Rel] + ek[Pl] + [Nom]", "twolevel": "a:a m:m e:e l:l y:y :[/N|Pro|Rel] e:e k:k :[Pl] :[Nom]"}]	amely	[/N|Pro|Rel][Pl][Nom]
által	" "	[{"lemma": "által", "tag": "[/Post]", "morphana": "által[/Post]=által", "readable": "által[/Post]", "twolevel": "á:á l:l t:t a:a l:l :[/Post]"}, {"lemma": "által", "tag": "[/Prev]", "morphana": "által[/Prev]=által", "readable": "által[/Prev]", "twolevel": "á:á l:l t:t a:a l:l :[/Prev]"}]	által	[/Post]
mindenki	" "	[{"lemma": "mindenki", "tag": "[/N|Pro][Nom]", "morphana": "mindenki[/N|Pro]=mindenki+[Nom]=", "readable": "mindenki[/N|Pro] + [Nom]", "twolevel": "m:m i:i n:n d:d e:e n:n k:k i:i :[/N|Pro] :[Nom]"}]	mindenki	[/N|Pro][Nom]
megtalálhatja	" "	[{"lemma": "megtalál", "tag": "[/V][_Mod/V][Prs.Def.3Sg]", "morphana": "meg[/Prev]=meg+talál[/V]=talál+hat[_Mod/V]=hat+ja[Prs.Def.3Sg]=ja", "readable": "meg[/Prev] + talál[/V] + hat[_Mod/V] + ja[Prs.Def.3Sg]", "twolevel": "m:m e:e g:g :[/Prev] t:t a:a l:l á:á l:l :[/V] h:h a:a t:t :[_Mod/V] j:j a:a :[Prs.Def.3Sg]"}]	megtalál	[/V][_Mod/V][Prs.Def.3Sg]
a	" "	[{"lemma": "a", "tag": "[/Det|Art.Def]", "morphana": "a[/Det|Art.Def]=a", "readable": "a[/Det|Art.Def]", "twolevel": "a:a :[/Det|Art.Def]"}, {"lemma": "a", "tag": "[/Det|Pro|(Post)]", "morphana": "a[/Det|Pro|(Post)]=a", "readable": "a[/Det|Pro|(Post)]", "twolevel": "a:a :[/Det|Pro|(Post)]"}, {"lemma": "a", "tag": "[/N][Nom]", "morphana": "a[/N|Ltr]=a+[Nom]=", "readable": "a[/N|Ltr] + [Nom]", "twolevel": "a:a :[/N|Ltr] :[Nom]"}, {"lemma": "a", "tag": "[/N|Pro|(Post)][Nom]", "morphana": "a[/N|Pro|(Post)]=a+[Nom]=", "readable": "a[/N|Pro|(Post)] + [Nom]", "twolevel": "a:a :[/N|Pro|(Post)] :[Nom]"}]	a	[/Det|Art.Def]
belső	" "	[{"lemma": "belső", "tag": "[/Adj][Nom]", "morphana": "belső[/Adj]=belső+[Nom]=", "readable": "belső[/Adj] + [Nom]", "twolevel": "b:b e:e l:l s:s ő:ő :[/Adj] :[Nom]"}]	belső	[/Adj][Nom]
harmónia	" "	[{"lemma": "harmónia", "tag": "[/N][Nom]", "morphana": "harmónia[/N]=harmónia+[Nom]=", "readable": "harmónia[/N] + [Nom]", "twolevel": "h:h a:a r:r m:m ó:ó n:n i:i a:a :[/N] :[Nom]"}]	harmónia	[/N][Nom]
és	" "	[{"lemma": "és", "tag": "[/Cnj]", "morphana": "és[/Cnj]=és", "readable": "és[/Cnj]", "twolevel": "é:é s:s :[/Cnj]"}]	és	[/Cnj]
egészség	" "	[{"lemma": "egészség", "tag": "[/N][Nom]", "morphana": "egész[/Adj]=egész+ség[_Nz_Abstr/N]=ség+[Nom]=", "readable": "egész[/Adj] + ség[_Nz_Abstr/N] + [Nom]", "twolevel": "e:e g:g é:é s:s z:z :[/Adj] s:s é:é g:g :[_Nz_Abstr/N] :[Nom]"}, {"lemma": "egészség", "tag": "[/N][Nom]", "morphana": "egészség[/N]=egészség+[Nom]=", "readable": "egészség[/N] + [Nom]", "twolevel": "e:e g:g é:é s:s z:z s:s é:é g:g :[/N] :[Nom]"}]	egészség	[/N][Nom]
felé	" "	[{"lemma": "felé", "tag": "[/Post][3Sg]", "morphana": "ő[/N|Pro]=+felé[/Post]=felé+[3Sg]=", "readable": "ő[/N|Pro]= + felé[/Post] + [3Sg]", "twolevel": ":ő :[/N|Pro] f:f e:e l:l é:é :[/Post] :[ :3 :S :g :]"}, {"lemma": "felé", "tag": "[/Post]", "morphana": "felé[/Post]=felé", "readable": "felé[/Post]", "twolevel": "f:f e:e l:l é:é :[/Post]"}]	felé	[/Post]
vezető	" "	[{"lemma": "vezető", "tag": "[/Adj][Nom]", "morphana": "vezet[/V]=vezet+ő[_ImpfPtcp/Adj]=ő+[Nom]=", "readable": "vezet[/V] + ő[_ImpfPtcp/Adj] + [Nom]", "twolevel": "v:v e:e z:z e:e t:t :[/V] ő:ő :[_ImpfPtcp/Adj] :[Nom]"}, {"lemma": "vezető", "tag": "[/N][Nom]", "morphana": "vezető[/N]=vezető+[Nom]=", "readable": "vezető[/N] + [Nom]", "twolevel": "v:v e:e z:z e:e t:t ő:ő :[/N] :[Nom]"}]	vezető	[/Adj][Nom]
utat	""	[{"lemma": "út", "tag": "[/N][Acc]", "morphana": "út[/N]=ut+at[Acc]=at", "readable": "út[/N]=ut + at[Acc]", "twolevel": "u:ú t:t :[/N] a:a t:t :[Acc]"}]	út	[/N][Acc]
,	" "	[{"lemma": ",", "tag": "[Punct]", "morphana": "", "readable": "", "twolevel": ""}]	,	[Punct]
saját	" "	[{"lemma": "saját", "tag": "[/Adj][Nom]", "morphana": "saját[/Adj]=saját+[Nom]=", "readable": "saját[/Adj] + [Nom]", "twolevel": "s:s a:a j:j á:á t:t :[/Adj] :[Nom]"}]	saját	[/Adj][Nom]
egyéniségének	" "	[{"lemma": "egyéniség", "tag": "[/N][Poss.3Sg][Dat]", "morphana": "egy[/Num]=egy+én[/N]=én+i[_Adjz:i/Adj]=i+ség[_Nz_Abstr/N]=ség+e[Poss.3Sg]=é+nek[Dat]=nek", "readable": "egy[/Num] + én[/N] + i[_Adjz:i/Adj] + ség[_Nz_Abstr/N] + e[Poss.3Sg]=é + nek[Dat]", "twolevel": "e:e g:g y:y :[/Num] é:é n:n :[/N] i:i :[_Adjz:i/Adj] s:s é:é g:g :[_Nz_Abstr/N] é:e :[Poss.3Sg] n:n e:e k:k :[Dat]"}, {"lemma": "egyéniség", "tag": "[/N][AnP][Dat]", "morphana": "egy[/Num]=egy+én[/N]=én+i[_Adjz:i/Adj]=i+ség[_Nz_Abstr/N]=ség+é[AnP]=é+nek[Dat]=nek", "readable": "egy[/Num] + én[/N] + i[_Adjz:i/Adj] + ség[_Nz_Abstr/N] + é[AnP] + nek[Dat]", "twolevel": "e:e g:g y:y :[/Num] é:é n:n :[/N] i:i :[_Adjz:i/Adj] s:s é:é g:g :[_Nz_Abstr/N] é:é :[AnP] n:n e:e k:k :[Dat]"}, {"lemma": "egyéniség", "tag": "[/N][Poss.3Sg][Dat]", "morphana": "egyén[/N]=egyén+i[_Adjz:i/Adj]=i+ség[_Nz_Abstr/N]=ség+e[Poss.3Sg]=é+nek[Dat]=nek", "readable": "egyén[/N] + i[_Adjz:i/Adj] + ség[_Nz_Abstr/N] + e[Poss.3Sg]=é + nek[Dat]", "twolevel": "e:e g:g y:y é:é n:n :[/N] i:i :[_Adjz:i/Adj] s:s é:é g:g :[_Nz_Abstr/N] é:e :[Poss.3Sg] n:n e:e k:k :[Dat]"}, {"lemma": "egyéniség", "tag": "[/N][AnP][Dat]", "morphana": "egyén[/N]=egyén+i[_Adjz:i/Adj]=i+ség[_Nz_Abstr/N]=ség+é[AnP]=é+nek[Dat]=nek", "readable": "egyén[/N] + i[_Adjz:i/Adj] + ség[_Nz_Abstr/N] + é[AnP] + nek[Dat]", "twolevel": "e:e g:g y:y é:é n:n :[/N] i:i :[_Adjz:i/Adj] s:s é:é g:g :[_Nz_Abstr/N] é:é :[AnP] n:n e:e k:k :[Dat]"}, {"lemma": "egyéniség", "tag": "[/N][Poss.3Sg][Dat]", "morphana": "egyéni[/Adj]=egyéni+ség[_Nz_Abstr/N]=ség+e[Poss.3Sg]=é+nek[Dat]=nek", "readable": "egyéni[/Adj] + ség[_Nz_Abstr/N] + e[Poss.3Sg]=é + nek[Dat]", "twolevel": "e:e g:g y:y é:é n:n i:i :[/Adj] s:s é:é g:g :[_Nz_Abstr/N] é:e :[Poss.3Sg] n:n e:e k:k :[Dat]"}, {"lemma": "egyéniség", "tag": "[/N][AnP][Dat]", "morphana": "egyéni[/Adj]=egyéni+ség[_Nz_Abstr/N]=ség+é[AnP]=é+nek[Dat]=nek", "readable": "egyéni[/Adj] + ség[_Nz_Abstr/N] + é[AnP] + nek[Dat]", "twolevel": "e:e g:g y:y é:é n:n i:i :[/Adj] s:s é:é g:g :[_Nz_Abstr/N] é:é :[AnP] n:n e:e k:k :[Dat]"}, {"lemma": "egyéniség", "tag": "[/N][Poss.3Sg][Dat]", "morphana": "egyéniség[/N]=egyéniség+e[Poss.3Sg]=é+nek[Dat]=nek", "readable": "egyéniség[/N] + e[Poss.3Sg]=é + nek[Dat]", "twolevel": "e:e g:g y:y é:é n:n i:i s:s é:é g:g :[/N] é:e :[Poss.3Sg] n:n e:e k:k :[Dat]"}, {"lemma": "egyéniség", "tag": "[/N][AnP][Dat]", "morphana": "egyéniség[/N]=egyéniség+é[AnP]=é+nek[Dat]=nek", "readable": "egyéniség[/N] + é[AnP] + nek[Dat]", "twolevel": "e:e g:g y:y é:é n:n i:i s:s é:é g:g :[/N] é:é :[AnP] n:n e:e k:k :[Dat]"}]	egyéniség	[/N][Poss.3Sg][Dat]
és	" "	[{"lemma": "és", "tag": "[/Cnj]", "morphana": "és[/Cnj]=és", "readable": "és[/Cnj]", "twolevel": "é:é s:s :[/Cnj]"}]	és	[/Cnj]
életvitelének	" "	[{"lemma": "életvitel", "tag": "[/N][Poss.3Sg][Dat]", "morphana": "élet[/N]=élet+vitel[/N]=vitel+e[Poss.3Sg]=é+nek[Dat]=nek", "readable": "élet[/N] + vitel[/N] + e[Poss.3Sg]=é + nek[Dat]", "twolevel": "é:é l:l e:e t:t :[/N] v:v i:i t:t e:e l:l :[/N] é:e :[Poss.3Sg] n:n e:e k:k :[Dat]"}, {"lemma": "életvitel", "tag": "[/N][AnP][Dat]", "morphana": "élet[/N]=élet+vitel[/N]=vitel+é[AnP]=é+nek[Dat]=nek", "readable": "élet[/N] + vitel[/N] + é[AnP] + nek[Dat]", "twolevel": "é:é l:l e:e t:t :[/N] v:v i:i t:t e:e l:l :[/N] é:é :[AnP] n:n e:e k:k :[Dat]"}, {"lemma": "életvitel", "tag": "[/N][Poss.3Sg][Dat]", "morphana": "életvitel[/N]=életvitel+e[Poss.3Sg]=é+nek[Dat]=nek", "readable": "életvitel[/N] + e[Poss.3Sg]=é + nek[Dat]", "twolevel": "é:é l:l e:e t:t v:v i:i t:t e:e l:l :[/N] é:e :[Poss.3Sg] n:n e:e k:k :[Dat]"}, {"lemma": "életvitel", "tag": "[/N][AnP][Dat]", "morphana": "életvitel[/N]=életvitel+é[AnP]=é+nek[Dat]=nek", "readable": "életvitel[/N] + é[AnP] + nek[Dat]", "twolevel": "é:é l:l e:e t:t v:v i:i t:t e:e l:l :[/N] é:é :[AnP] n:n e:e k:k :[Dat]"}]	életvitel	[/N][Poss.3Sg][Dat]
megfelelően	""	[{"lemma": "megfelelő", "tag": "[/Adj][_Manner/Adv]", "morphana": "meg[/Prev]=meg+felel[/V]=felel+ő[_Adjz:Ó/Adj]=ő+en[_Manner/Adv]=en", "readable": "meg[/Prev] + felel[/V] + ő[_Adjz:Ó/Adj] + en[_Manner/Adv]", "twolevel": "m:m e:e g:g :[/Prev] f:f e:e l:l e:e l:l :[/V] ő:ő :[_Adjz:Ó/Adj] e:e n:n :[_Manner/Adv]"}]	megfelelő	[/Adj][_Manner/Adv]
.	"\n"	[{"lemma": ".", "tag": "[Punct]", "morphana": "", "readable": "", "twolevel": ""}]	.	[Punct]
